Abel, Adam, Alan, Alexander, Andrew, Arthur, Austin, Ben, Benjamin, Bill, Blake, Bob, Brad, Brandon, Brian, Caleb, Cameron, Carl, Carlos, Casey, Charlie, Chris, Christian, Cody, Colim, Colin, Colton, Daniel, Dave, David, Derek, Donald, Dylan, Edward, Elijah, Eric, Ethan, Evan, Felix, Finn, Frank, Gabriel, George, Greg, Harrison, Harry, Henry, Hudson, Hunter, Ian, Isaac, Jack, Jackson, Jacob, James, Jameson, Jason, Jayden, Jeff, Jeffrey, Jeremy, Jennifer, Jimmy, Joe, John, Jonah, Jonathan, Jordan, Joseph, Josh, Justin, Keith, Kevin, Kyle, Leo, Liam, Lincoln, Logan, Lucas, Luke, Marcus, Mark, Mason, Matthew, Max, Michael, Milian, Miles, Nathan, Nathaniel, Neil, Nicholas, Nick, Noah, Nolan, Oliver, Oscar, Owen, Patrick, Paul, Peter, Ray, Rebetez, Richard, Riley, Robert, Roman, Ryan, Sam, Samuel, Scott, Sean, Simon, Stephen, Steve, Ted, Theodore, Thomas, Timothy, Tom, Tony, Travis, Tyler, Victor, Vince, Vincent, Wesley, Weston, Will, William, Wyatt, Xavier, Zachary, Zack, Zane